﻿<?xml version="1.0" encoding="utf-8"?>
<Elements xmlns="http://schemas.microsoft.com/sharepoint/">
  <Module Name="Scripts">
    <File Path="Scripts\App.js" Url="Scripts/App.js" ReplaceContent="TRUE" />
    <File Path="Scripts\jquery-1.9.1.min.map" Url="Scripts/jquery-1.9.1.min.map" ReplaceContent="TRUE" />
    <File Path="Scripts\jquery-1.9.1.min.js" Url="Scripts/jquery-1.9.1.min.js" ReplaceContent="TRUE" />
    <File Path="Scripts\jquery-1.9.1.js" Url="Scripts/jquery-1.9.1.js" ReplaceContent="TRUE" />
    <File Path="Scripts\jquery-1.9.1.intellisense.js" Url="Scripts/jquery-1.9.1.intellisense.js" ReplaceContent="TRUE" />
    <File Path="Scripts\funktioner.js" Url="Scripts/funktioner.js" ReplaceContent="TRUE" />
    <File Path="Scripts\script.js" Url="Scripts/script.js" ReplaceContent="TRUE" />
    <File Path="Scripts\style.css" Url="Scripts/style.css" ReplaceContent="TRUE" />
  </Module>
</Elements>