﻿<?xml version="1.0" encoding="utf-8"?>
<Elements xmlns="http://schemas.microsoft.com/sharepoint/">
  <Module Name="Images">
    <File Path="Images\AppIcon.png" Url="Images/AppIcon.png" ReplaceContent="TRUE" />
    <File Path="Images\ikoner\01d.svg" Url="Images/ikoner/01d.svg" ReplaceContent="TRUE" />
    <File Path="Images\ikoner\01n.svg" Url="Images/ikoner/01n.svg" ReplaceContent="TRUE" />
    <File Path="Images\ikoner\02d.svg" Url="Images/ikoner/02d.svg" ReplaceContent="TRUE" />
    <File Path="Images\ikoner\02n.svg" Url="Images/ikoner/02n.svg" ReplaceContent="TRUE" />
    <File Path="Images\ikoner\03d.svg" Url="Images/ikoner/03d.svg" ReplaceContent="TRUE" />
    <File Path="Images\ikoner\03n.svg" Url="Images/ikoner/03n.svg" ReplaceContent="TRUE" />
    <File Path="Images\ikoner\04d.svg" Url="Images/ikoner/04d.svg" ReplaceContent="TRUE" />
    <File Path="Images\ikoner\04n.svg" Url="Images/ikoner/04n.svg" ReplaceContent="TRUE" />
    <File Path="Images\ikoner\09d.svg" Url="Images/ikoner/09d.svg" ReplaceContent="TRUE" />
    <File Path="Images\ikoner\09n.svg" Url="Images/ikoner/09n.svg" ReplaceContent="TRUE" />
    <File Path="Images\ikoner\10d.svg" Url="Images/ikoner/10d.svg" ReplaceContent="TRUE" />
    <File Path="Images\ikoner\10n.svg" Url="Images/ikoner/10n.svg" ReplaceContent="TRUE" />
    <File Path="Images\ikoner\11d.svg" Url="Images/ikoner/11d.svg" ReplaceContent="TRUE" />
    <File Path="Images\ikoner\11n.svg" Url="Images/ikoner/11n.svg" ReplaceContent="TRUE" />
    <File Path="Images\ikoner\13d.svg" Url="Images/ikoner/13d.svg" ReplaceContent="TRUE" />
    <File Path="Images\ikoner\13n.svg" Url="Images/ikoner/13n.svg" ReplaceContent="TRUE" />
    <File Path="Images\ikoner\50d.svg" Url="Images/ikoner/50d.svg" ReplaceContent="TRUE" />
    <File Path="Images\ikoner\50n.svg" Url="Images/ikoner/50n.svg" ReplaceContent="TRUE" />
    <File Path="Images\ikoner\q.svg" Url="Images/ikoner/q.svg" ReplaceContent="TRUE" />
    <File Path="Images\bg.jpg" Url="Images/bg.jpg" ReplaceContent="TRUE" />
    <File Path="Images\pixel.png" Url="Images/pixel.png" ReplaceContent="TRUE" />
  </Module>
</Elements>