﻿<?xml version="1.0" encoding="utf-8" ?>
<!--Created:cb85b80c-f585-40ff-8bfc-12ff4d0e34a9-->
<App xmlns="http://schemas.microsoft.com/sharepoint/2012/app/manifest"
     Name="$safeprojectname$"
     ProductID="{3aca4c27-4a98-4c13-937f-22ac10d3abe9}"
     Version="1.0.0.0"
     SharePointMinVersion="16.0.0.0"
>
  <Properties>
    <Title>$safeprojectname$</Title>
    <StartPage>~appWebUrl/Pages/Default.aspx?{StandardTokens}</StartPage>
  </Properties>

  <AppPrincipal>
    <Internal />
  </AppPrincipal>


</App>
